{
  "control_scheme": "arrows",
  "sfx_enabled": true,
  "music_enabled": true,
  "sfx_volume": 0.40000000000000013,
  "music_volume": 0.30000000000000016
}